{"loss": 226.46828454324915, "_runtime": 139, "_timestamp": 1642420973, "_step": 6, "original": {"_type": "histogram", "values": [64765, 435, 424, 331, 280, 292, 288, 260, 247, 223, 253, 229, 229, 196, 247, 204, 321, 213, 253, 228, 220, 251, 235, 243, 254, 278, 319, 292, 323, 390, 443, 5234], "bins": [0.0, 0.03125, 0.0625, 0.09375, 0.125, 0.15625, 0.1875, 0.21875, 0.25, 0.28125, 0.3125, 0.34375, 0.375, 0.40625, 0.4375, 0.46875, 0.5, 0.53125, 0.5625, 0.59375, 0.625, 0.65625, 0.6875, 0.71875, 0.75, 0.78125, 0.8125, 0.84375, 0.875, 0.90625, 0.9375, 0.96875, 1.0]}, "reconstruction": {"_type": "histogram", "values": [46800, 2000, 1500, 700, 700, 500, 900, 900, 600, 1000, 1200, 900, 800, 1100, 1400, 2000, 1800, 1600, 1800, 1000, 1700, 1200, 800, 1100, 700, 900, 800, 300, 700, 500, 100, 400], "bins": [0.017763851210474968, 0.03846294805407524, 0.059162043035030365, 0.07986113429069519, 0.10056023299694061, 0.12125932425260544, 0.14195841550827026, 0.16265751421451569, 0.1833566129207611, 0.20405571162700653, 0.22475479543209076, 0.24545389413833618, 0.2661529779434204, 0.286852091550827, 0.30755117535591125, 0.32825028896331787, 0.3489493727684021, 0.36964845657348633, 0.39034757018089294, 0.4110466539859772, 0.4317457377910614, 0.452444851398468, 0.47314393520355225, 0.49384304881095886, 0.5145421028137207, 0.5352412462234497, 0.5559403300285339, 0.5766394138336182, 0.5973384976387024, 0.6180375814437866, 0.6387367248535156, 0.6594358086585999, 0.6801348924636841]}, "_wandb": {"runtime": 132}}